table,percent
5260,0.07756396077563961
17266,0.25460443854604436
17565,0.25901349259013495
13347,0.19681486396814865
8989,0.13255179532551795
5388,0.07945144879451449
